<?xml version="1.0" encoding="UTF-8"?>
<project-private xmlns="http://www.netbeans.org/ns/project-private/1">
    <editor-bookmarks xmlns="http://www.netbeans.org/ns/editor-bookmarks/2" lastBookmarkId="0"/>
    <open-files xmlns="http://www.netbeans.org/ns/projectui-open-files/2">
        <group>
            <file>file:/E:/ELTE/3rd%20Semester/Programming%20Technology/Practice/Assignments/Assingment_3/Tron/src/view/MainWindow.java</file>
            <file>file:/E:/ELTE/3rd%20Semester/Programming%20Technology/Practice/Assignments/Assingment_3/Tron/src/model/Game.java</file>
            <file>file:/E:/ELTE/3rd%20Semester/Programming%20Technology/Practice/Assignments/Assingment_3/Tron/src/view/Board.java</file>
        </group>
    </open-files>
</project-private>
